timestamp,Temperature,Humidity,Soil_Moisture,Soil_pH
1756684800000,21.88582827,53.95560268,22.47978411,5.284388294
1756688400000,19.07956367,54.29895203,23.98031432,6.107887491
1756692000000,26.6758686,98.9912224,11.56631904,8.361576173
1756695600000,20.17006633,36.4164597,36.1445695,7.929765785
1756699200000,21.9157452,79.35562468,43.53254081,5.378418494
1756702800000,15.02138518,96.33045929,37.93072916,5.579343944
1756706400000,22.9462703,73.7103001,40.76731996,6.001308324
1756710000000,15.33792816,87.00562683,19.95596094,6.149443779
1756713600000,7.948809605,41.71854551,11.17783033,8.270204593
1756717200000,22.57290576,52.97977928,40.64787421,7.258345275
1756720800000,23.06644991,48.29955196,38.75265915,5.892802999
1756724400000,26.89197088,81.57501562,4.939448676,5.332705845
1756728000000,20.95994009,86.00698128,2.34938536,6.478668333
1756731600000,22.73135113,99.64228566,2.184220701,8.49700781
1756735200000,25.31961081,70.43870957,57.07317217,5.626593913
1756738800000,16.81391861,73.00535661,38.43204251,7.578802036
1756742400000,14.18896479,80.97187202,33.02587697,7.905202043
1756746000000,18.96147742,95.12443661,45.43643347,8.094816265
1756749600000,14.89675744,87.08023829,58.88162512,7.249116809
1756753200000,25.69317763,62.4988509,46.42226567,7.409660297
1756756800000,16.79040001,89.30128705,19.84573862,8.019319397
1756760400000,19.02416735,55.44030944,5.725834501,7.236942931
1756764000000,26.90820126,51.40202809,6.729762108,8.236934306
1756767600000,25.34949957,79.8624209,31.13973034,7.310701327
1756771200000,20.14025527,81.97299513,52.07282985,7.036781547
1756774800000,23.79191344,74.8379956,25.01475029,7.323461175
1756778400000,20.26306759,80.15806578,41.25652735,7.807104303
1756782000000,19.12712784,84.98849331,9.54213804,8.024069576
1756785600000,26.17333117,69.95256942,21.12865009,6.615716775
1756789200000,22.55847973,36.9832926,22.02770786,5.007820773
1756792800000,21.1594128,77.9894138,20.21041147,7.439468378
1756796400000,18.80176249,84.90363278,17.08774019,7.867904946
1756800000000,15.16729479,64.66705719,37.77198424,5.555451226
1756803600000,19.7054748,39.05760893,14.13682122,7.415566822
1756807200000,25.33927231,35.6165767,27.13732114,8.125694835
1756810800000,24.15138302,34.50715318,32.13855415,6.937103731
1756814400000,18.36243748,58.2881762,38.63258641,6.346678204
1756818000000,23.19753959,51.18562221,45.36312766,7.047362026
1756821600000,15.30544842,81.07028063,24.68064136,8.257624734
1756825200000,20.22102857,85.08336058,41.43270552,5.256343779
1756828800000,25.98201986,98.26756423,28.90749253,7.075428143
1756832400000,23.84783399,93.09902849,43.49601469,6.601073472
1756836000000,31.22565866,38.31904505,17.95419151,5.896897489
1756839600000,20.69761886,80.58667918,28.87887624,7.765937001
1756843200000,27.9992015,74.04162361,7.267144299,5.674583683
1756846800000,16.03209695,61.55543176,69.15954161,6.641292325
1756850400000,25.91729483,46.84193577,28.53817543,5.424703375
1756854000000,15.083541,88.71675427,31.29083898,7.227273962
1756857600000,21.36498274,84.72302782,41.69014904,5.512115763
1756861200000,24.55843802,31.35014376,14.36239945,6.286417014
1756864800000,8.632415495,48.85690679,54.69116666,5.272344766
1756868400000,16.55361302,78.04874063,32.46879115,6.795356293
1756872000000,18.70676909,92.13884566,31.69171365,5.680736152
1756875600000,22.56385409,37.47542608,33.31782148,7.862325466
1756879200000,18.86336839,52.4451075,27.95661089,7.824584351
1756882800000,13.77469925,61.44860044,19.51539854,8.248832455
1756886400000,22.24407579,94.45131148,26.42691616,8.013475677
1756890000000,10.15683011,31.82007174,22.00056401,8.251069269
1756893600000,28.65786523,62.12824627,32.87079874,5.075869683
1756897200000,14.78143243,75.4299063,20.30286981,7.934047593
1756900800000,17.82111779,68.35804269,30.45582198,6.381784789
1756904400000,16.70894043,40.70914899,13.32079025,7.546516448
1756908000000,19.87888758,88.93455721,24.95338221,5.65008837
1756911600000,15.69343994,75.3189404,1.653004331,6.224107409
1756915200000,10.61552684,71.42547343,39.36910357,5.865669399
1756918800000,18.90880077,98.77805629,26.87824622,5.399352667
1756922400000,14.18551853,71.48649031,4.898744793,6.814141158
1756926000000,21.90838124,33.51643625,20.79141192,5.758630248
1756929600000,13.4466898,56.98799204,13.26892771,6.36547066
1756933200000,12.87364697,85.06251352,43.91297702,7.450287858
1756936800000,16.39545756,54.19054305,13.67827134,7.318406616
1756940400000,22.95689129,35.3490065,4.655416312,6.939704572
1756944000000,19.17044198,36.47630749,44.16718022,5.684192194
1756947600000,30.39014633,63.48818698,31.85788105,7.000745908
1756951200000,28.56759193,35.79590991,34.27967722,5.68027349
1756954800000,25.8997301,62.41630129,33.63857906,7.20211196
1756958400000,20.41171425,72.87495598,7.353455948,6.473842281
1756962000000,19.32808007,32.81570136,44.51413086,7.011460297
1756965600000,29.84117776,53.1666026,13.48775704,7.8402845
1756969200000,16.62238181,39.99592188,50.76309049,6.391807567
1756972800000,21.65006453,45.77432182,21.70233942,7.487491317
1756976400000,19.16342282,48.44390976,23.51770271,5.751747876
1756980000000,17.4453333,88.18933634,9.785901026,7.039425153
1756983600000,20.86586971,64.3028542,8.951704231,7.576829454
1756987200000,19.30546141,52.53881659,43.97124582,7.417554183
1756990800000,25.13223522,40.71743832,29.69986748,6.900632779
1756994400000,13.65939134,67.73643111,50.44883962,5.061170467
1756998000000,17.0155157,62.5873474,24.34812718,5.848897302
1757001600000,17.63256485,59.95135181,26.5403606,8.430541952
1757005200000,23.19633453,51.42390685,43.18630335,6.002174602
1757008800000,19.99168722,83.89963367,29.26849515,6.654059867
1757012400000,14.73595618,73.25380827,52.03624019,5.144409897
1757016000000,14.21176856,94.00504062,25.45848181,6.365910818
1757019600000,27.34629594,53.10023222,15.21615109,5.501715511
1757023200000,24.10596027,67.92251796,11.89914548,5.320577804
1757026800000,12.46398822,39.03835622,25.34311562,7.820433663
1757030400000,21.15401476,87.73308133,9.75432275,6.041562655
1757034000000,20.25979352,60.45558138,51.17053098,5.089140202
1757037600000,24.62843379,93.00884978,17.98682515,6.043629071
1757041200000,19.82678806,85.77588032,31.52172113,5.072448967
1757044800000,23.34396651,95.20808137,15.82956054,5.115510081
1757048400000,18.25624473,73.67989353,34.11781206,5.226793157
1757052000000,15.24371382,74.35947916,9.039688009,7.574829193
1757055600000,13.14481273,37.06058545,30.41473718,7.661053418
1757059200000,20.96920101,31.45755186,23.57108077,8.218941681
1757062800000,15.52670916,45.84441174,48.2132485,8.327501527
1757066400000,18.9320868,34.1805871,26.56786129,6.873189106
1757070000000,24.76784545,93.75773355,11.04452089,5.731118033
1757073600000,19.46962627,55.56254995,36.73786571,7.457357498
1757077200000,14.29457422,42.3565758,11.58972132,7.935080484
1757080800000,16.23011101,58.98491597,10.33473619,6.390031137
1757084400000,23.72717891,62.07024985,24.9948337,6.96543742
1757088000000,16.46110493,46.74300191,5.275618608,7.372001522
1757091600000,21.31115886,85.42887419,43.33853694,6.728740301
1757095200000,26.52517395,37.63736541,31.32689555,6.085276263
1757098800000,15.17559028,87.55255952,18.97997378,5.422738396
1757102400000,24.9458001,93.71156736,66.73725017,7.644090249
1757106000000,25.22582697,40.13305042,28.52493376,7.079911157
1757109600000,24.06438134,30.43365997,22.64472655,7.719077296
1757113200000,18.77295126,72.62694157,56.65730013,6.889815002
1757116800000,21.25804992,67.7971883,5.511793751,7.948432908
1757120400000,19.52799806,60.40901082,23.61365544,6.595494141
1757124000000,19.93184931,57.008661,18.43108347,7.569904755
1757127600000,15.71187387,60.42151851,38.32354938,7.444912657
1757131200000,11.89388739,44.27676561,4.616618325,6.308540312
1757134800000,13.88304485,58.4156035,25.97693908,7.562384088
1757138400000,27.80381475,93.84320988,50.10992774,8.263029887
1757142000000,30.85596327,48.19849829,29.92323371,5.0953273
1757145600000,33.31640311,88.88160828,9.564513113,8.015614674
1757149200000,19.02192864,40.08608885,38.16261624,5.452262559
1757152800000,16.57683635,66.71213629,3.502606216,5.565349238
1757156400000,22.07547848,84.58158205,21.34865413,5.704593717
1757160000000,16.84237816,44.7938678,51.6546954,8.432644012
1757163600000,28.65808473,65.10476815,5.959190782,7.865946906
1757167200000,20.51408227,81.79633101,80.50948017,7.230305288
1757170800000,22.70728203,42.37416848,39.68121265,5.991438922
1757174400000,12.39357389,75.38971927,31.25734235,5.277484253
1757178000000,24.47462348,67.39900376,21.13419658,8.242223687
1757181600000,14.01655044,47.73046436,59.52220603,5.193841389
1757185200000,25.10086688,44.35897497,7.060047973,6.96905421
1757188800000,15.23526081,99.74907154,40.74957751,6.88685976
1757192400000,14.60044181,63.12514616,6.399427672,6.84005323
1757196000000,22.28989816,84.15580845,70.74522174,6.216038579
1757199600000,19.48356098,78.13262684,19.89363509,6.174352926
1757203200000,12.30270044,68.64390551,2.956702432,5.922890618
1757206800000,15.89258329,98.01700541,15.39572847,7.223582189
1757210400000,22.42941915,39.59798786,12.01830608,8.251512197
1757214000000,16.70215711,95.54211508,20.72618271,7.012764199
1757217600000,18.11939692,70.14556596,30.4217834,7.182974147
1757221200000,19.27828741,99.26744019,4.022081069,6.947455598
1757224800000,15.76600606,55.07664512,22.62332018,6.338846985
1757228400000,16.35184083,38.14998821,15.0258777,7.550801384
1757232000000,15.16836846,45.46297778,59.34177836,8.454286906
1757235600000,27.34767535,56.29482356,37.15837128,7.003919238
1757239200000,25.33547624,83.98452062,19.90735573,7.089268033
1757242800000,19.59763537,46.15813349,19.81183321,6.801356863
1757246400000,18.81724867,95.78509662,47.41555703,6.993363199
1757250000000,24.35462159,56.38068717,29.1792424,8.005451877
1757253600000,18.36980591,71.39747773,49.02578601,5.858443525
1757257200000,9.948670745,35.24736299,34.19209254,7.757240034
1757260800000,16.82622248,67.42232455,42.12467598,7.834527447
1757264400000,21.75608493,83.76188859,29.85684537,8.467710614
1757268000000,18.34374655,75.39774867,27.85165212,7.904071982
1757271600000,21.39745804,76.54591563,28.97979021,7.229733176
1757275200000,21.9963164,71.16921073,17.65600554,5.132957049
1757278800000,28.97211313,99.68339131,45.46604849,8.11019758
1757282400000,19.76645468,57.97115194,44.5006115,7.821059739
1757286000000,27.27286143,64.1579397,55.87461709,5.322772078
1757289600000,22.9281154,62.35902618,20.46707225,5.928329308
1757293200000,18.05773868,47.9293817,14.59329508,6.58474018
1757296800000,29.09054135,56.74045746,21.68528363,6.53476038
1757300400000,30.65013804,67.21378079,27.51605095,5.976741242
1757304000000,18.11540061,74.96736042,20.00461355,7.708971993
1757307600000,19.29860719,55.10262087,6.775062621,7.56886313
1757311200000,25.47739496,60.09840116,28.39436912,8.469434982
1757314800000,25.08592016,68.82509526,42.24141751,7.34238488
1757318400000,18.20467491,96.53719022,60.64573743,6.310890379
1757322000000,22.37947857,70.59677445,12.21573185,6.860514539
1757325600000,18.79794025,62.43997847,34.31548811,6.797766099
1757329200000,9.261269539,57.78178088,24.56865808,8.358295915
1757332800000,23.12449274,99.98688305,11.8628226,8.478528983
1757336400000,25.11266408,99.68790198,43.17841546,6.485297478
1757340000000,8.765025622,93.35717485,29.19205256,7.036384928
1757343600000,25.44682931,37.52933581,17.53100667,6.020682662
1757347200000,16.46999958,51.12312044,18.26518191,6.358482599
1757350800000,18.22027099,70.69152783,31.86342892,8.283111293
1757354400000,16.06298855,81.17686417,38.99301525,7.475735266
1757358000000,25.15245529,90.11035594,33.60023365,5.451027471
1757361600000,20.1932619,62.3763929,9.67473114,6.771689641
1757365200000,10.16192605,93.38824912,51.0388177,6.856702119
1757368800000,17.9903476,93.87289302,39.73397451,8.461838038
1757372400000,23.6768175,36.03413259,79.7219226,6.801247506
1757376000000,24.23673366,98.82079159,30.07596289,5.399072297
1757379600000,19.11625021,95.7469438,8.899231743,5.999974655
1757383200000,19.05500109,64.08663582,34.2612985,7.664154798
1757386800000,25.77614183,46.85946849,44.80558164,5.906018735
1757390400000,20.1266327,52.06524944,3.507244983,7.801961519
1757394000000,24.22099399,43.99654015,56.51941508,6.040221195
1757397600000,13.04471252,94.16994846,4.932525523,5.015521664
1757401200000,18.09390687,74.73780953,19.1997807,6.888740201
1757404800000,19.71342309,55.2434653,52.13866561,7.109624226
1757408400000,31.05282961,47.46532261,36.83801509,7.53625215
1757412000000,17.57061163,33.83946594,39.7205139,5.758481608
1757415600000,17.95134844,62.93978391,50.76880794,5.618311121
1757419200000,23.53421851,45.99168698,14.84947032,7.763757223
1757422800000,23.62589133,30.71715632,20.92176392,5.811465807
1757426400000,20.76981997,49.26759903,29.59042456,6.729569687
1757430000000,24.05328155,48.64304976,36.25797551,7.905755904
1757433600000,21.0143649,72.09059946,36.88689497,5.698387718
1757437200000,28.5302202,55.39041712,25.7487982,6.915387647
1757440800000,27.18668024,30.58959656,7.455335624,7.409737545
1757444400000,24.82444003,80.48261723,14.60079341,8.439658471
1757448000000,24.20924644,72.37615051,12.15401584,5.956640818
1757451600000,31.01150275,32.29347009,34.20337218,5.700391076
1757455200000,20.60781924,92.94148936,31.00810695,7.884622073
1757458800000,15.78408535,68.56975245,34.04442273,7.044696867
1757462400000,22.41674609,93.04907874,39.09753968,6.84935118
1757466000000,23.1910308,60.01286442,52.35880875,5.619631769
1757469600000,18.41139086,37.56515647,47.68276313,5.990679392
1757473200000,23.40284129,46.57948901,67.44435616,8.444934761
1757476800000,13.56334317,82.43865097,58.54028927,6.144257761
1757480400000,20.68804472,98.92785404,38.69580604,5.809018397
1757484000000,32.9977296,45.98656257,27.73801727,5.962723394
1757487600000,24.28097143,54.04222733,22.0113214,5.562506056
1757491200000,23.93411206,38.23023177,35.41486099,5.485240115
1757494800000,14.56476112,37.04182244,6.539923854,6.420737895
1757498400000,12.51772748,74.93584692,33.40616871,5.279780264
1757502000000,16.72770284,61.65249013,28.79881456,6.54892305
1757505600000,25.591399,75.14358827,42.01207675,6.449174938
1757509200000,25.98877818,67.80442885,11.46406044,6.750626809
1757512800000,26.41776048,62.35397172,24.34129941,7.552184388
1757516400000,29.97489417,91.02475668,25.97322813,7.439230546
1757520000000,25.44722144,45.37181182,56.65129687,7.984201314
1757523600000,17.23469557,89.89409612,19.20073209,6.007202948
1757527200000,17.82962005,93.87933573,21.60732294,8.177319133
1757530800000,19.2427005,31.11647755,37.28388643,8.220506674
1757534400000,9.478929095,69.31078225,22.95404636,8.405180438
1757538000000,13.54001895,73.61237676,50.92150898,7.527804305
1757541600000,20.66129389,90.63334225,57.31461171,5.942103927
1757545200000,17.09644098,78.32536536,46.85604131,6.530139464
1757548800000,21.44547722,94.97767932,7.0721454,5.334529965
1757552400000,19.57930103,46.88025534,38.68827945,5.980551788
1757556000000,24.60542398,71.959492,38.36123986,7.217780573
1757559600000,26.24142557,89.28353336,31.4848229,8.483215643
1757563200000,19.53235922,67.9546338,2.303230915,7.363651832
1757566800000,14.67364562,44.81669133,4.623341862,5.006269779
1757570400000,23.0583807,87.64397903,25.68622496,7.195723334
1757574000000,27.87894389,71.68340432,23.43850239,5.38303571
1757577600000,16.47440451,71.52782542,36.47256161,5.665746311
1757581200000,17.66556822,85.48928782,14.62803408,5.448827135
1757584800000,15.49569602,42.63950976,43.73272008,7.370857259
1757588400000,15.68542574,97.97368871,33.47891607,7.716162002
1757592000000,11.18970259,84.16438362,30.36230375,5.217728785
1757595600000,20.49540925,68.06276366,58.60169285,8.181836339
1757599200000,26.29475066,73.98651233,14.85499162,7.216013575
1757602800000,26.83422624,46.05444849,20.27575883,7.806778664
1757606400000,17.24664902,30.58111098,29.99702164,6.709876143
1757610000000,23.02220017,77.83000517,7.399433802,5.782814683
1757613600000,13.60731788,94.31954526,26.36752971,6.321655324
1757617200000,21.66200997,75.93556513,43.69622837,7.658362272
1757620800000,5.619954222,55.59418968,21.41817833,7.888667448
1757624400000,21.69399047,87.05787658,10.77333535,8.418955761
1757628000000,18.64477454,36.94700142,28.89400447,6.182898598
1757631600000,15.94121473,98.74811525,49.77679759,6.204862385
1757635200000,28.41328954,61.12509339,10.35330808,8.443253519
1757638800000,17.32291772,86.79216143,24.69186109,8.029963312
1757642400000,19.19202358,92.78361194,11.48370157,8.243864677
1757646000000,13.17063658,58.03997266,17.61065249,8.372019991
1757649600000,17.36392388,87.91990167,14.72785806,5.275894914
1757653200000,17.55012387,56.26565807,47.58055857,5.90666144
1757656800000,24.11567731,46.62264439,20.88106447,6.589757865
1757660400000,29.10178858,87.20240889,23.52705775,7.925833773
1757664000000,25.0460383,44.58574663,21.22871799,6.47409851
1757667600000,27.73086142,52.19635984,43.29774151,6.972954952
1757671200000,27.1705061,62.16967134,14.71646804,5.428517655
1757674800000,18.56233754,58.24918817,15.02048515,5.850748365
1757678400000,27.16586667,50.7278369,33.47328876,6.479892415
1757682000000,19.90821041,38.08320424,45.40930045,6.051087693
1757685600000,13.89263624,49.61632464,11.62008231,6.217292875
1757689200000,18.60966186,66.01091346,27.24694032,6.658664086
1757692800000,17.41569099,32.56911428,26.01083831,5.667781554
1757696400000,24.7482572,47.14218637,11.9836451,7.532658034
1757700000000,18.02570011,69.31699913,34.81362504,5.680337203
1757703600000,22.50801832,67.99055194,49.10180291,6.786379663
1757707200000,21.84866885,92.09657539,18.33097351,7.415450474
1757710800000,20.07870774,52.01049973,74.01223456,6.547492263
1757714400000,20.57545238,50.2050365,30.27080009,8.013591577
1757718000000,19.95889673,56.27797399,11.25837711,7.24518492
1757721600000,14.14538979,80.10721439,30.61234446,5.365831632
1757725200000,17.71402261,42.78682999,32.63974471,6.324937361
1757728800000,23.95685099,38.84453325,29.46454979,5.324801251
1757732400000,14.22807994,49.22108254,44.55811295,5.731710476
1757736000000,21.2795158,70.91781369,38.63978427,7.27626634
1757739600000,21.62714266,32.32827525,18.31438178,7.484188899
1757743200000,14.51280182,87.38204549,42.85602469,7.361273989
1757746800000,25.26478126,53.31453748,41.5611927,7.933934399
1757750400000,23.39597253,43.62563682,45.59342726,7.42509055
1757754000000,15.70472449,87.86919586,25.60445361,7.814642072
1757757600000,15.99658234,96.18341255,29.12553317,6.432650713
1757761200000,21.36832418,31.20083884,24.14120949,7.994423306
1757764800000,9.875342849,77.74406576,64.87951223,8.414785268
1757768400000,17.50673259,55.06623024,33.52436467,7.320878338
1757772000000,18.55364136,70.87652592,46.89520422,5.816946012
1757775600000,19.43706509,70.87693248,29.29159029,6.672497087
1757779200000,24.68032988,96.55936015,27.37247734,5.961565629
1757782800000,18.66657155,82.57326278,37.97647395,7.501990129
1757786400000,22.4019277,62.33783144,37.43233155,7.842342308
1757790000000,19.6401481,83.53001355,27.95799094,6.743492299
1757793600000,19.05362516,58.19915139,49.0146481,5.122692639
1757797200000,19.27868201,31.91689868,39.45042489,6.514385296
1757800800000,15.39136818,43.03481545,20.95401568,8.207034915
1757804400000,16.62347031,53.32950569,22.7429307,7.079404974
1757808000000,20.49906847,60.66420107,15.57078734,8.441064333
1757811600000,19.98801738,47.84351166,7.626544816,6.406663264
1757815200000,22.11963999,78.89991105,14.81065364,7.645186921
1757818800000,13.63917166,30.59017247,62.68323037,8.200635118
1757822400000,24.150955,83.54238298,26.02865856,7.038695473
1757826000000,17.38690165,76.32226538,40.74427129,5.62839037
1757829600000,32.34625412,64.46682619,43.97701657,6.410168353
1757833200000,18.08740205,92.0865835,21.78933488,7.02346752
1757836800000,22.39959586,32.07976733,33.30923531,7.653516666
1757840400000,18.36240343,33.70506812,31.42387229,6.654384345
1757844000000,12.59168721,47.40618022,36.96445881,8.235969521
1757847600000,12.84171963,59.04650421,12.42000654,5.467191662
1757851200000,16.07949813,82.0784007,15.30840418,5.4204361
1757854800000,15.36880978,97.98019842,14.24104457,5.915457853
1757858400000,16.70327838,37.44975101,27.49751077,5.339162059
1757862000000,20.5023917,85.995859,37.5007785,6.153683396
1757865600000,18.14884991,34.29179894,25.16459353,5.151019007
1757869200000,18.31582733,85.875054,36.97062919,5.810511369
1757872800000,24.88538767,53.44105639,49.56107672,7.921142375
1757876400000,28.13061885,95.30942256,19.33885465,5.930069065
1757880000000,26.74524844,66.41975664,2.723860582,6.815425668
1757883600000,18.53899176,74.25261283,32.7877301,7.180676363
1757887200000,18.00648226,84.8252364,29.76008075,7.012948763
1757890800000,18.63107682,84.28851929,14.55669642,5.24611649
1757894400000,18.97408644,53.73798993,42.63972374,6.291102467
1757898000000,17.56788448,53.9153387,33.2847495,7.163464963
1757901600000,30.16682915,91.25488911,16.39783738,5.8993133
1757905200000,24.79839091,66.88297003,6.862169911,5.924240483
1757908800000,18.33610554,30.11620146,14.96518194,5.179815734
1757912400000,19.92798077,65.36003376,57.34238863,7.004328769
1757916000000,23.31423013,72.28423541,13.98406587,7.630025028
1757919600000,15.27454246,40.61762232,25.72803673,8.246766804
1757923200000,25.29053635,86.9331156,60.92134625,5.532180801
1757926800000,19.66686118,41.03105932,5.644679617,7.79084031
1757930400000,18.40606713,53.10385262,25.27951986,5.828084399
1757934000000,7.772315488,35.10740038,14.52153608,7.892668195
1757937600000,17.91606346,90.17208211,30.7058466,5.213938471
1757941200000,23.48746843,80.04356266,10.4624023,6.767292078
1757944800000,17.81648871,77.0204131,35.22185454,5.063754456
1757948400000,27.37240762,76.80812894,18.49172867,6.616971215
1757952000000,20.22504837,84.30649015,6.858666787,5.270637319
1757955600000,13.68675596,97.63123209,19.19645017,7.101365278
1757959200000,14.76935795,77.3141924,33.63721571,5.496079029
1757962800000,15.60782301,73.36593414,22.89103741,8.226502998
1757966400000,26.23284624,70.74575486,34.37377618,5.525208435
1757970000000,22.03834118,34.25096277,8.148547609,8.45524125
1757973600000,31.98474517,88.4118169,6.780076229,7.568280931
1757977200000,17.92075523,86.65682322,10.73788021,5.605957719
1757980800000,20.61023445,98.29070169,6.396945296,7.049197896
1757984400000,13.42989895,78.82632139,25.54932398,6.430983654
1757988000000,24.68688594,77.11769732,24.80347471,5.93514265
1757991600000,27.69672357,35.33532939,39.54732669,5.581484816
1757995200000,10.97140198,42.04246799,31.10821633,8.134671902
1757998800000,15.25537008,84.18107904,18.17884027,6.14907399
1758002400000,16.86344629,80.09023616,22.369158,5.666035394
1758006000000,22.32261251,93.05581182,37.64102138,6.068673622
1758009600000,16.73228347,32.94289873,2.97738609,6.335471804
1758013200000,9.040177737,49.10116503,21.03202519,7.256875296
1758016800000,23.30040254,87.83345884,15.30666839,7.50440929
1758020400000,17.93405597,53.62807118,32.48550424,8.274415071
1758024000000,19.8987925,42.01668938,8.541367937,5.159148354
1758027600000,25.05843587,53.21048545,26.58862638,8.111936036
1758031200000,28.04907865,76.93679449,25.56535731,6.555080663
1758034800000,21.97089279,52.06990468,16.48521869,8.045395659
1758038400000,19.70349102,80.68060043,13.50192853,7.267166185
1758042000000,21.52682425,96.26145739,17.51721032,7.362655302
1758045600000,13.90361673,78.57386958,45.72427427,6.863699556
1758049200000,15.24033958,93.01530289,25.04166989,7.828273452
1758052800000,20.71125871,62.28036762,12.99805913,8.329172723
1758056400000,16.85052961,94.80952302,20.13347017,6.803118471
1758060000000,19.81877925,80.31843984,19.95675209,5.257415996
1758063600000,18.44688906,35.59562553,49.79257774,5.012268406
1758067200000,19.757832,44.34646198,12.38722215,7.654577523
1758070800000,19.34414995,58.17549871,40.93565258,7.567724275
1758074400000,14.12485312,62.8311787,62.29568481,8.391217554
1758078000000,20.21222712,73.31921975,35.43153614,6.436965334
1758081600000,28.4046649,80.99523898,11.17416602,6.369551858
1758085200000,8.562422074,32.11404097,35.0355565,5.637472386
1758088800000,22.93293052,45.74220152,17.23213468,6.052480574
1758092400000,25.97140458,30.63866206,21.33534092,6.993198823
1758096000000,21.94414273,66.89590662,60.7631989,5.305092854
1758099600000,17.61114638,94.49042575,33.36683744,5.624148003
1758103200000,21.5605824,41.44027683,26.81106614,7.583590181
1758106800000,19.97041273,31.89860183,53.65531075,7.396871609
1758110400000,14.11268013,34.34759897,40.11976817,5.194532614
1758114000000,15.99746263,64.39355383,30.04584637,5.501190344
1758117600000,21.88752582,94.54681659,32.15163985,5.932573375
1758121200000,27.29737883,50.64018744,48.62669863,7.221296975
1758124800000,11.03085865,39.06988883,8.577799432,6.195490377
1758128400000,23.17414581,56.90863137,38.15022369,5.915895194
1758132000000,15.22174324,91.95960328,43.38454858,6.633377981
1758135600000,13.77504853,38.35650398,21.01246398,7.867459098
1758139200000,15.6074499,38.09445759,33.66302337,8.162124932
1758142800000,21.06876619,42.86772511,3.36255285,6.865766452
1758146400000,17.4997383,32.66661017,36.06296882,8.002241284
1758150000000,18.17460955,44.7801224,21.12089477,6.259030714
1758153600000,18.64456717,98.47486638,18.4088825,8.190592114
1758157200000,25.3901972,84.98645676,14.33491071,6.515645612
1758160800000,15.38463029,82.56697935,39.74220237,6.961942366
1758164400000,26.81490109,77.86247626,34.34796403,8.263360578
1758168000000,29.19131666,91.07005974,26.03334507,6.038596893
1758171600000,19.5442359,36.44081872,25.76619471,7.406554484
1758175200000,20.50193922,52.84267515,29.16160681,8.223294022
1758178800000,27.19841863,79.25915371,22.15061555,6.561447469
1758182400000,21.74907946,85.75845137,22.45502854,7.448258462
1758186000000,23.58800452,87.85591977,36.71292569,5.979243906
1758189600000,26.00042782,98.63063266,58.90141816,7.670771987
1758193200000,19.61069885,69.39075441,16.76368776,5.462417287
1758196800000,22.5334522,45.46679182,15.11223245,6.126816626
1758200400000,15.88317223,45.35936184,46.77324818,8.04875655
1758204000000,21.72045584,70.99200258,8.626501534,6.985691356
1758207600000,15.8006788,79.33608004,19.84162697,7.760507421
1758211200000,18.41354016,70.61990976,26.71363288,6.683146922
1758214800000,24.92699393,80.12942224,26.84505601,7.239071914
1758218400000,20.87406878,51.42188978,12.2372838,5.87790706
1758222000000,26.89700986,62.20605377,35.71404688,6.472098593
1758225600000,15.00092679,56.33694257,8.313660742,7.116775993
1758229200000,21.81499314,66.50115099,54.53882392,7.641045825
1758232800000,11.99193125,69.69218684,16.27172289,6.274561254
1758236400000,13.10200345,77.99027346,19.9887044,5.661788875
1758240000000,23.84995919,32.96702808,19.80238159,7.667231704
1758243600000,17.78387872,83.82311188,10.31372202,7.453708338
1758247200000,21.36445177,92.18002176,55.52875494,5.526307147
1758250800000,25.87515337,93.11373424,7.488439874,6.484093435
1758254400000,22.56428492,69.67207798,47.54581717,7.79192112
1758258000000,25.69799711,75.09119667,39.2273882,5.003222763
1758261600000,23.7773032,68.94570303,30.71024408,5.181889729
1758265200000,26.96962907,59.8101663,25.71250391,7.937942621
1758268800000,18.3641962,37.03928892,6.978342592,5.43109431
1758272400000,25.28538572,41.537713,55.78841204,6.555437669
1758276000000,15.58422089,44.29004014,17.37925793,5.702376041
1758279600000,21.04101049,46.77762046,12.67146529,6.379412071
1758283200000,17.13214186,83.60943299,19.51055712,6.739467768
1758286800000,19.62539985,57.2174728,32.18982234,8.362045697
1758290400000,23.99296029,39.83814992,10.48996251,5.233267705
1758294000000,20.46234818,75.77489653,11.47708027,6.410921479
1758297600000,19.07405351,52.06527753,30.2778477,7.292836196
1758301200000,18.47732714,75.50441812,54.87028416,6.112214333
1758304800000,24.25853036,36.18736367,1.162204242,7.434894098
1758308400000,12.61678212,31.06341326,24.55951726,5.35926429
1758312000000,14.43117276,97.14660742,28.311013,8.264007902
1758315600000,18.40494804,38.4772144,18.02055474,6.907655954
1758319200000,16.75909784,30.65727335,38.34696906,6.009959939
1758322800000,10.9970337,92.59998189,43.32043305,8.380374488
1758326400000,11.67185348,85.57862134,12.34495838,6.658082938
1758330000000,21.33010345,41.11203115,24.01918289,5.892982386
1758333600000,12.95482135,50.40965692,38.12844618,7.919282376
1758337200000,8.85870675,95.19695377,17.7706715,7.231810191
1758340800000,23.81858045,84.69008315,12.48009803,5.827988085
1758344400000,14.1581478,97.25609103,11.79927337,8.047823665
1758348000000,24.87944957,90.72689831,24.80620478,7.028078898
1758351600000,20.60916844,42.02354051,11.97145935,5.442420005
1758355200000,21.20675482,75.87148399,30.50592156,7.872395775
1758358800000,25.08599059,97.16536403,32.92344457,6.784442598
1758362400000,19.2040693,42.79868042,45.77684974,5.012647047
1758366000000,22.22207448,37.79542748,58.36265294,8.325556702
1758369600000,15.34571621,70.11320928,33.4562048,6.355640398
1758373200000,21.99299482,97.18080878,3.165463862,5.804070612
1758376800000,11.36122948,69.31013258,11.44031721,7.756669532
1758380400000,23.17925542,60.58435141,19.83820328,7.148381764
1758384000000,11.62831648,55.00840655,9.530792873,6.617581001
1758387600000,29.44816377,90.60972193,10.21950776,6.121675616
1758391200000,12.03610079,61.87704787,3.55357586,7.15398945
1758394800000,16.46430835,46.95323564,28.26986186,5.923144891
1758398400000,24.45539675,60.31171635,20.78729897,6.207779389
1758402000000,26.29120188,54.91722176,62.33701593,7.20631708
1758405600000,24.71170835,58.85628256,43.50935005,6.871474246
1758409200000,23.87811161,38.35397935,70.82231454,7.060154993
1758412800000,22.3025099,68.96822342,60.14649296,7.719725228
1758416400000,18.43906402,68.21311506,32.07735179,6.582461036
1758420000000,21.89216125,85.26207328,17.37318225,6.227824197
1758423600000,18.32367039,30.15734775,51.2486138,7.3487576
1758427200000,20.27506845,32.22577005,17.74568483,6.970380425
1758430800000,19.18845754,82.39150064,2.851592595,6.335579466
1758434400000,15.88387333,55.3255049,33.11096835,8.277582595
1758438000000,19.47800781,36.15190069,5.005053818,7.001635441
1758441600000,18.43654353,80.64176181,48.90423288,6.369118349
1758445200000,25.57139283,91.31469451,23.20300148,8.126715414
1758448800000,22.46613105,64.81576874,26.13927772,7.064623425
1758452400000,16.85899808,56.89777715,40.66602816,6.257590672
1758456000000,6.133230032,40.44674844,10.73937658,7.175928506
1758459600000,19.83399904,40.28387847,27.52707817,8.444167211
1758463200000,21.64120254,76.39104885,57.06005057,7.890227796
1758466800000,15.49836212,53.5215105,35.62897584,7.547928249
1758470400000,17.27161233,94.33917695,12.13996321,5.99783452
1758474000000,16.86937151,33.96644355,29.12703344,7.655130358
1758477600000,27.93248922,33.95539774,29.87024034,7.756651968
1758481200000,24.86771224,98.55076624,5.655059467,6.408854447
1758484800000,11.30447614,96.77890459,17.34273652,7.45970745
1758488400000,22.98910498,42.43680713,6.609287551,7.28732224
1758492000000,24.45796866,90.30885758,18.01041593,7.434430065
1758495600000,20.67961474,91.70618994,19.4880176,5.241552528
1758499200000,26.81815116,94.71229969,13.52049912,8.424606278
1758502800000,18.80408329,40.77041715,34.04198081,6.667905137
1758506400000,20.18616756,33.43932514,7.454352319,8.23141497
1758510000000,26.71531494,36.09132259,13.67320264,7.252965451
1758513600000,18.46238368,93.78679043,7.220004845,6.65304016
1758517200000,27.52993677,85.73318887,11.10963873,5.006601464
1758520800000,24.74621037,56.48823614,36.73507964,5.372430534
1758524400000,22.14058557,90.34451853,30.35068975,8.422933796
1758528000000,21.34183673,93.80648026,22.41385239,5.257411142
1758531600000,23.28390307,66.02897187,13.75613203,6.650698138
1758535200000,11.76382566,44.81163409,24.87097532,5.611579254
1758538800000,18.1832828,97.15917247,8.903902095,7.77245449
1758542400000,26.54797887,39.62887947,21.95117929,6.546728465
1758546000000,14.92782208,82.57308178,32.75653341,5.572228508
1758549600000,11.44823564,79.55985238,57.74846463,5.532725417
1758553200000,13.1959511,31.85748488,28.16078953,5.700482095
1758556800000,27.12822812,74.32013642,18.26103632,7.419374423
1758560400000,20.19244968,84.68073166,42.9789717,8.181067837
1758564000000,12.38913161,43.62568666,7.128369768,8.360294873
1758567600000,23.66509337,75.51751077,30.6019926,6.72459742
1758571200000,23.11204184,37.15177731,28.06641676,5.381450201
1758574800000,18.29401324,79.7436653,22.26981532,7.371541978
1758578400000,21.76897881,98.63905956,37.77550883,7.727817723
1758582000000,22.74535869,82.72047876,29.76818869,6.600499495
1758585600000,17.47243076,44.35664185,27.13879816,6.68560456
1758589200000,26.7983691,72.1246582,28.51282216,5.844515682
1758592800000,18.0665189,68.41528294,37.89309503,7.630717873
1758596400000,12.41628868,38.24630517,42.49699945,6.309493932
1758600000000,16.59538154,71.93181065,28.33171155,5.885911436
1758603600000,16.20132081,68.64320385,35.95223047,7.166363912
1758607200000,21.4801871,38.07392237,42.42326462,7.613186502
1758610800000,12.54722713,51.36915737,24.1913861,6.343667832
1758614400000,4.168922593,88.03324041,18.75250965,6.43903203
1758618000000,16.39458784,84.79111807,33.21931718,8.088504227
1758621600000,23.2275167,32.93820025,54.32226789,5.690194797
1758625200000,25.41741902,62.17398248,18.37349712,7.136788357
1758628800000,22.63526849,96.79538569,35.91167908,8.115602557
1758632400000,22.68205857,82.31356238,28.17331506,7.702238396
1758636000000,26.40881365,38.66476175,12.76799139,8.322223493
1758639600000,18.93501442,91.74533571,25.84217072,8.106202032
1758643200000,18.15471474,36.34637492,57.56954175,6.126556974
1758646800000,8.941351079,61.66709769,10.86045922,6.64161165
1758650400000,22.74662542,84.99628731,5.716407163,5.283043724
1758654000000,16.76796462,58.45615057,16.88455925,7.275630259
1758657600000,21.78848378,63.36494824,59.23563228,8.379066108
1758661200000,19.17639558,79.86891432,24.47851208,6.086564552
1758664800000,22.26854527,42.13356909,9.324943853,6.776296066
1758668400000,9.55340764,83.94923077,24.3189765,8.090668265
1758672000000,21.11213623,66.31404398,13.28294173,5.378257931
1758675600000,17.72847827,55.11569987,46.65787432,5.044172543
1758679200000,21.96004112,36.19286029,33.83340218,7.72889425
1758682800000,26.18362705,64.03272646,18.05828069,8.487422433
1758686400000,12.19526673,99.22018243,22.68618164,7.055253828
1758690000000,20.61480175,57.63384169,8.290413632,5.040881695
1758693600000,17.47764083,69.73834318,33.60916412,7.326612085
1758697200000,21.21090663,68.71255896,27.95462529,5.410038416
1758700800000,20.52737805,73.19247463,27.18284879,5.687614208
1758704400000,16.96915791,30.09763495,9.130750457,8.171117131
1758708000000,21.22957528,46.18415957,40.04845224,5.400953882
1758711600000,15.38228859,79.68477093,8.092536366,7.710346211
1758715200000,26.13320395,72.79229752,13.65281244,7.487644297
1758718800000,13.38369113,41.66146459,20.84706798,7.53606176
1758722400000,20.53233355,46.62666669,28.06454373,6.697991
1758726000000,21.85082758,67.02654474,32.49760323,8.272867746
1758729600000,33.38662323,73.27813461,18.38010337,7.65977768
1758733200000,13.13320463,45.57811307,46.16245699,7.496849728
1758736800000,23.18672775,35.24282713,28.46216401,5.532700349
1758740400000,21.33734268,89.75759511,26.50255362,7.996654844
1758744000000,18.19394762,40.86603062,50.27379468,5.010811388
1758747600000,24.93939597,39.3287095,15.7946552,7.343313478
1758751200000,18.47878273,77.25884106,27.18210899,5.607313914
1758754800000,17.55246981,50.34587545,30.83999988,6.502451771
1758758400000,14.83071465,36.95381085,13.84247405,6.910909297
1758762000000,16.76705799,95.51682943,31.57492217,6.373868489
1758765600000,18.08538298,42.54503336,21.9088631,6.437882747
1758769200000,30.844248,76.53583521,8.324920204,5.403483427
1758772800000,23.72983144,62.7183593,33.95819504,5.715344
1758776400000,21.66000198,35.62988819,17.2348049,7.707746248
1758780000000,24.23283089,45.53097667,24.0554317,7.513841756
1758783600000,24.03906327,67.34565556,51.3572911,8.466705784
1758787200000,16.35094303,45.38073934,66.78536636,6.115447126
1758790800000,20.64904229,59.12512811,25.29454357,6.027361119
1758794400000,17.3421583,52.72933949,21.63761134,6.376007864
1758798000000,21.66488674,87.46820099,50.03578277,5.153229419
1758801600000,32.68547707,92.40908636,25.0407739,8.086134978
1758805200000,15.5074259,61.64500691,41.65746111,6.045935999
1758808800000,9.393122652,79.72745388,34.89994888,6.824997462
1758812400000,26.00451391,45.77059406,46.77989663,6.211966012
1758816000000,26.24841872,63.17676541,16.53830907,8.197432562
1758819600000,23.05859397,41.58735323,40.93795,7.773497563
1758823200000,23.64361671,55.29500134,27.76506516,7.142404041
1758826800000,22.8446041,35.42661709,30.40801521,6.192126492
1758830400000,20.92329892,64.49216131,2.690898223,6.169254506
1758834000000,19.15587905,51.84379271,0.62364562,5.504689382
1758837600000,19.37053009,36.50597513,53.10223385,6.330751258
1758841200000,19.47809573,86.43306202,24.31802053,6.089137203
1758844800000,18.59047652,83.24393597,54.79061082,5.050944087
1758848400000,31.5148313,81.25314737,9.51310666,6.66961778
1758852000000,21.59275208,96.6367402,45.70364639,8.269010343
1758855600000,15.92979618,86.92015802,75.69641393,7.889617843
1758859200000,19.17543743,75.72063595,11.16022182,7.689698072
1758862800000,32.92100672,45.66718696,10.33129985,7.355234115
1758866400000,12.5444467,35.44866753,36.27690069,7.271473027
1758870000000,15.58253484,30.84796426,22.91664859,7.462108771
1758873600000,17.60142042,36.01795112,17.96755277,6.75062833
1758877200000,11.04343415,30.38339433,4.957971315,7.143505763
1758880800000,20.72542827,36.07178691,31.92804962,8.198063536
1758884400000,23.9851277,69.88702451,45.43736569,7.762515676
1758888000000,15.35417182,34.57857912,15.67468042,5.256027464
1758891600000,28.0785956,52.63497653,6.984557751,5.252718694
1758895200000,21.97697413,91.76836851,8.623164085,7.016600641
1758898800000,16.01971067,96.64359731,18.4551411,5.704225092
1758902400000,19.51025786,79.88365526,48.71249782,8.152196454
1758906000000,32.82343693,85.09365652,28.26271027,7.358242502
1758909600000,18.99084226,72.30307933,14.90819318,5.805302804
1758913200000,22.12625789,95.50808398,22.41932158,7.211271016
1758916800000,27.09516226,69.95792318,68.25954776,7.76636229
1758920400000,20.31043508,79.49823171,34.65923456,7.218982783
1758924000000,27.23262816,63.00107314,27.42304649,7.676312365
1758927600000,18.64509377,44.4090448,25.89054608,6.164476592
1758931200000,20.31780295,80.03110419,17.67763716,6.352575973
1758934800000,19.16436646,46.53213782,17.77867111,7.955776865
1758938400000,20.9031221,38.43917835,23.53494036,8.220552129
1758942000000,18.10185471,89.51442952,32.58800011,7.369232288
1758945600000,28.21967773,62.76912036,16.85596054,5.830061375
1758949200000,18.38030597,47.89600502,13.91718226,7.165481366
1758952800000,23.24794196,72.82784254,51.9713585,7.680557064
1758956400000,22.9536635,93.68707603,28.8990746,5.008110741
1758960000000,20.76767469,48.79097669,32.1600748,5.941287448
1758963600000,9.235651356,93.16220493,36.14547955,7.788299986
1758967200000,23.1441636,53.92268053,9.589295176,6.682987683
1758970800000,14.71880853,48.20690896,43.99388353,6.204995207
1758974400000,24.02503253,34.91450513,16.82437576,7.374183319
1758978000000,24.84640168,89.65166507,26.66555045,7.580069307
1758981600000,20.27746106,45.49083638,25.13728226,7.628347404
1758985200000,9.934609658,48.24437102,9.16052114,5.710077866
1758988800000,12.04231915,84.76294477,16.19267247,5.624424248
1758992400000,26.17965425,91.73900773,37.81015064,6.076572034
1758996000000,13.57717686,95.3951779,58.36530348,5.39926383
1758999600000,24.05559222,75.75760484,34.92309214,5.295340618
1759003200000,16.92396201,92.33600045,9.002067979,8.057354368
1759006800000,22.10239375,59.05146217,11.2345443,5.416721623
1759010400000,20.60511729,90.44392894,55.84735458,6.744857387
1759014000000,18.86010627,92.30251426,17.59067048,6.317947706
1759017600000,22.6485266,72.31126476,34.52838136,8.330264579
1759021200000,25.56158033,59.57670236,29.66147706,7.588111855
1759024800000,16.42243315,35.57806258,16.67163779,5.118370517
1759028400000,20.80677454,92.89890179,28.03044705,5.77435867
1759032000000,16.42757564,89.75377814,26.14776193,5.957485728
1759035600000,24.01197205,58.28879344,21.29919612,8.133125842
1759039200000,24.99671209,57.04841007,24.34220631,6.229011117
1759042800000,17.10262892,55.08351698,28.03696102,7.923476046
1759046400000,22.37443551,39.9553093,6.890926276,8.146185622
1759050000000,25.52432003,86.53233504,49.36980284,5.941519079
1759053600000,16.10093191,58.57502782,64.01083598,7.780357928
1759057200000,15.97589938,54.05459706,35.83482493,7.557945707
1759060800000,20.84987152,82.59118909,39.26430016,7.725657897
1759064400000,13.32380148,95.82409888,43.38544852,6.097568857
1759068000000,22.10035526,58.57570566,26.50307473,6.439150077
1759071600000,21.62626911,77.74009357,49.96510552,6.116517754
1759075200000,26.29028157,36.44582437,19.32359211,7.829288131
1759078800000,27.76084435,91.82291765,15.83296575,5.810340308
1759082400000,17.05305536,95.98060019,46.264612,7.841936752
1759086000000,20.65273387,39.05596041,23.46872852,6.413895156
1759089600000,19.55399279,72.56049239,20.49071676,8.023438879
1759093200000,21.7314179,63.50153934,47.18065179,7.018177772
1759096800000,13.61947702,75.36645163,25.07318371,5.305859107
1759100400000,23.4772481,40.43396619,32.8675814,5.228416854
1759104000000,24.16374919,80.70710903,5.567348725,5.780795461
1759107600000,18.58594669,54.7598139,20.91560154,8.247942297
1759111200000,9.829803074,73.41407755,10.46323245,5.261259223
1759114800000,16.90041781,69.36602748,1.680209542,6.577876833
1759118400000,17.75869838,92.21099821,27.71407391,8.2152377
1759122000000,19.49561364,63.31493416,17.61811137,7.73977184
1759125600000,19.09292765,96.61583619,7.722967875,5.388993151
1759129200000,12.70787317,31.92233607,27.02973196,7.688244148
1759132800000,20.875681,54.89088343,37.89302977,6.755789242
1759136400000,24.11598559,65.74224854,27.7865917,5.58429496
1759140000000,17.21493315,32.46669878,66.88814165,7.395580474
1759143600000,19.1680947,78.15035816,27.39055611,6.603119614
1759147200000,19.75820491,46.91833233,29.69558536,5.323022085
1759150800000,26.89735739,30.67940424,25.33651375,7.276280494
1759154400000,17.13846989,56.46877241,1.869775512,5.791951352
1759158000000,21.45428551,61.06421995,27.8963651,8.465371582
1759161600000,22.91631221,97.79085371,34.30128547,8.211744778
1759165200000,18.08027058,39.26521222,22.18825653,5.746135932
1759168800000,14.91745953,48.53368978,12.7997063,5.257139465
1759172400000,19.37479548,97.77784331,33.76145681,5.131372638
1759176000000,8.865355396,83.16618036,56.40753587,7.61355022
1759179600000,21.33406418,53.27029341,49.23158056,8.14050865
1759183200000,15.48696153,64.35589216,12.81605518,6.497523268
1759186800000,16.44023105,91.91776343,71.0948751,7.468635553
1759190400000,30.51214154,86.46156735,33.87598879,5.384583051
1759194000000,21.12501429,57.40058293,42.74484637,7.361327799
1759197600000,18.26896644,35.83776028,51.71180964,7.579975073
1759201200000,18.97405595,40.2014706,40.74810463,6.088321067
1759204800000,22.97455557,65.92212718,23.04747318,8.028319433
1759208400000,19.67769124,81.75235022,52.36429017,6.826547285
1759212000000,14.31819067,61.01166908,50.03763147,5.620519176
1759215600000,19.175415,75.27109905,37.6310706,6.54996848
1759219200000,20.35059711,76.28488256,31.46470223,7.835433413
1759222800000,22.82617369,70.31500745,22.89164107,5.671251445
1759226400000,25.16379642,66.06494675,66.58478253,8.273093939
1759230000000,16.02335103,46.41242998,43.96335657,6.287446578
1759233600000,23.37864295,40.26392448,23.98074718,7.245203843
1759237200000,19.12992698,93.41266633,29.75204035,8.013770535
1759240800000,19.74302005,58.74057866,17.94147015,6.429622982
1759244400000,13.74253755,85.56703255,17.29995866,6.284780458
1759248000000,12.35136278,50.77579047,52.16618552,5.376333654
1759251600000,18.27143856,71.33907093,48.2189122,8.020159958
1759255200000,22.99191093,40.72361027,6.883928435,5.35988778
1759258800000,18.78012288,63.98282435,36.16081992,8.25091717
1759262400000,20.91680587,55.20476373,18.10029434,8.281661396
1759266000000,7.143375258,50.02344177,13.01577991,6.279639588
1759269600000,21.4887084,39.57282462,22.35677703,5.327007583
1759273200000,25.53950246,89.85714259,36.50233294,8.18557263
1759276800000,16.52437796,99.0300606,35.57155368,6.38219297
1759280400000,22.73370322,82.21436775,15.93730726,7.934805957
1759284000000,20.61885227,85.02272552,35.26516038,7.295494431
1759287600000,15.63467901,49.42898703,13.95219155,5.7247018
1759291200000,18.39127603,76.25938856,13.16244007,7.077768237
1759294800000,23.80780935,34.61330397,45.19375674,5.848879493
1759298400000,14.52890448,74.37850901,22.12646851,7.873180981
1759302000000,26.06450316,83.82438007,56.57632063,6.131124307
1759305600000,27.28801325,32.9744763,16.26713021,8.425403867
1759309200000,17.18120401,47.43687342,19.0509353,5.476885766
1759312800000,21.56588536,70.15834297,34.77089428,5.409104733
1759316400000,22.97683948,56.9538288,41.12775821,8.235440296
1759320000000,11.55793784,68.25483271,29.30962982,7.22412298
1759323600000,21.64343593,77.21218354,15.32180131,7.447049891
1759327200000,5.786784244,88.43281849,11.07739018,5.843453114
1759330800000,22.49357399,37.03187211,36.5977805,5.82853776
1759334400000,13.48833278,98.01551644,45.60478555,5.897292006
1759338000000,25.40887278,69.57119238,10.61414834,6.488289752
1759341600000,17.03223581,35.09752624,62.30591084,7.366094966
1759345200000,17.02978878,51.61698999,3.511960986,5.980459631
1759348800000,20.60956226,41.08577139,11.22854345,5.050125568
1759352400000,16.46871013,53.11809887,48.0823242,6.255764823
1759356000000,15.98392908,42.72075823,6.449025934,6.023750815
1759359600000,25.82050591,44.17090096,7.738970413,5.075692946
1759363200000,22.36666605,37.69277817,26.96923639,5.456207932
1759366800000,25.38895986,48.98329187,23.82046211,8.348138035
1759370400000,21.30628441,64.73893153,15.23475056,8.36692187
1759374000000,16.4772645,34.15436466,41.40323901,5.164795175
1759377600000,21.07213647,89.36955096,47.04790438,5.106780159
1759381200000,19.72390569,50.30081253,24.35983574,5.98862504
1759384800000,17.70974731,55.78518842,6.995345675,5.603655883
1759388400000,24.95992203,64.73922426,63.90972347,8.252332423
1759392000000,22.0381963,74.90736734,64.30302477,6.229302589
1759395600000,21.36086677,86.40944212,23.4129712,8.191358198
1759399200000,17.90243507,69.10007595,28.82979539,6.598095301
1759402800000,24.64425295,77.32039303,34.59577435,6.347125597
1759406400000,18.04298522,70.46432719,66.86678257,5.973764526
1759410000000,22.42483728,81.27613913,11.87137787,5.035187467
1759413600000,25.23267757,63.59220511,35.76944575,5.72585806
1759417200000,20.42757323,36.41870529,54.66119376,6.429830633
1759420800000,24.21887242,76.03717022,50.2794054,7.447170687
1759424400000,23.63586723,49.37017179,49.96206934,6.354974974
1759428000000,13.85787667,55.2803523,19.28534982,6.929165366
1759431600000,22.97298166,67.0915508,25.75547126,6.587134859
1759435200000,16.49814167,59.9382631,20.82642138,5.502670477
1759438800000,21.73818471,77.16148419,20.35725083,7.650169019
1759442400000,23.98149953,63.50141854,26.22680771,6.902616836
1759446000000,23.16912254,33.34711709,18.4474609,5.239499888
1759449600000,19.93282415,66.39440513,40.17755115,8.406565516
1759453200000,19.00981636,90.2375681,8.095886009,6.788221407
1759456800000,27.24982896,58.25258189,19.28505292,7.469087499
1759460400000,28.76068887,76.67060621,24.34995251,7.310383062
1759464000000,22.0053179,35.07768711,65.60304926,5.034871024
1759467600000,9.65001994,68.62762861,32.35312391,7.346418143
1759471200000,13.6070523,91.80598488,31.0039382,8.062075722
1759474800000,18.2660369,97.47121365,32.32522741,6.771407923
1759478400000,24.59161165,43.52607623,14.3804691,6.515327498
1759482000000,20.29194216,87.50492668,19.81483412,7.738717703
1759485600000,28.30091172,99.05253456,23.45526563,7.833002394
1759489200000,22.5944233,51.80704217,33.95451495,6.341195122
1759492800000,23.50794373,80.16048645,17.40583009,7.887948099
1759496400000,11.21663795,36.40071311,65.41896534,6.032088362
1759500000000,20.17240183,51.21262236,15.82049003,7.013915945
1759503600000,22.66830913,82.5542226,48.83657159,6.893927848
1759507200000,19.18467201,99.79027357,19.71151144,7.945062525
1759510800000,16.89439507,64.57567379,63.34076549,6.287426429
1759514400000,21.82136519,57.40303738,10.80497364,7.421101096
1759518000000,17.64923893,69.96053956,49.73501426,8.176964885
1759521600000,18.52533791,89.62911144,39.48888605,7.251137471
1759525200000,18.23102492,52.48605627,35.6141721,5.471929891
1759528800000,24.75939464,35.47385134,39.03211263,6.54278853
1759532400000,26.37544544,77.65748106,46.26737209,5.527373759
1759536000000,25.39692899,39.93768831,50.169204,6.929698172
1759539600000,6.623911333,98.21595696,4.687985576,7.337940151
1759543200000,18.96551969,89.94765913,14.4539095,6.073292276
1759546800000,23.37994551,37.89069564,20.50687729,8.46900821
1759550400000,19.06560432,61.9318565,24.35043517,8.094853281
1759554000000,22.21218631,82.80734191,44.86611858,6.446675781
1759557600000,19.5203715,34.43879581,24.44042695,7.146353962
1759561200000,16.57934882,85.33042394,31.61791648,5.770165151
1759564800000,23.61272464,62.59398451,31.2907071,5.215759127
1759568400000,15.35494949,92.94522982,26.48920979,6.472006962
1759572000000,17.91895456,57.24974217,30.91030656,7.361273452
1759575600000,20.94441575,53.31686719,27.17775864,7.588819435
1759579200000,14.05713075,40.62686505,54.19084973,6.391897814
1759582800000,20.51093689,78.08175716,40.7876895,8.235695639
1759586400000,19.74534981,36.43338497,30.1196146,5.789998705
1759590000000,17.72318244,73.86605995,7.163952206,5.820225074
1759593600000,19.32463478,79.25005151,14.32121307,5.677862743
1759597200000,18.48603732,65.51479092,28.63689652,7.645764398
1759600800000,15.62311511,88.99613814,8.600185425,7.069367898
1759604400000,17.71083641,99.86697384,35.65423731,5.188190216
1759608000000,20.12726306,92.14724316,13.54608133,6.397848133
1759611600000,26.29190321,83.43540213,47.25077748,7.715483241
1759615200000,15.93259302,51.38461506,43.85874742,5.796243437
1759618800000,16.73230279,61.15151942,25.21801881,5.009728775
1759622400000,18.48199843,32.25151133,28.69246899,6.934827461
1759626000000,27.33856041,49.59324874,20.86703528,5.927358916
1759629600000,16.0566888,92.49307051,25.38310571,7.519048505
1759633200000,12.80202387,71.82951911,10.34463179,6.904833151
1759636800000,22.05061863,72.75581069,14.44590451,8.055382104
1759640400000,20.75754331,31.20138184,12.00608191,5.36674331
1759644000000,19.91261239,55.25476611,13.04183408,6.173253083
1759647600000,20.00759244,71.23896555,30.72482776,7.054373361
1759651200000,13.64708274,89.94245789,0.111629414,7.643330903
1759654800000,21.30635717,90.32057743,47.98219015,5.077731403
1759658400000,25.97344527,53.90154012,33.70943869,6.803603602
1759662000000,24.70079388,71.61647718,10.30358868,6.933561437
1759665600000,23.77257903,31.61137589,38.17433968,6.415035961
1759669200000,29.8859668,46.04093334,41.71536,6.93159669
1759672800000,17.41119661,96.37700551,60.18216426,6.907658937
1759676400000,18.5375931,82.53006779,6.147545479,5.641727059
1759680000000,15.32391034,40.41736943,16.10575726,6.870032973
1759683600000,28.85564417,81.02278755,19.15858239,5.817735301
1759687200000,20.3855767,44.12574523,10.72256943,7.18172993
1759690800000,22.89491165,37.0688891,35.96767991,5.640162167
1759694400000,19.77050604,35.71384537,15.1492975,8.332564905
1759698000000,15.80045122,69.41350027,5.918709837,6.040886287
1759701600000,17.18690314,59.40249222,29.01919854,5.907244113
1759705200000,17.44554719,70.30343243,30.05195195,7.407766248
1759708800000,14.03426163,37.0161459,15.51587819,5.153542464
1759712400000,10.30156999,80.99178392,47.79718375,6.456179996
1759716000000,21.60593037,87.05299556,51.8547065,7.601609466
1759719600000,22.02055687,44.18325138,28.63900964,7.573003304
1759723200000,23.68798108,46.6942658,25.69771202,7.101193914
1759726800000,24.4059117,60.56622524,25.34266396,5.898156721
1759730400000,16.08024964,53.14891238,69.88442358,6.074245773
1759734000000,28.83993449,73.15389346,63.97217549,5.306919816
1759737600000,23.63189259,42.91927983,42.06846658,8.491734869
1759741200000,21.14980269,82.10440662,42.73286104,6.11624795
1759744800000,22.37091092,84.29041082,21.53603085,5.550637511
1759748400000,12.96550311,82.25048579,25.6982678,7.701681857
1759752000000,18.56780825,44.22371668,9.785214737,8.419590184
1759755600000,24.57243243,48.65891142,39.34870346,5.918417769
1759759200000,15.32882722,64.62693276,22.38064585,5.24799369
1759762800000,18.37266837,68.82165951,31.52815743,6.235029569
1759766400000,15.55466388,50.68610195,33.55625689,6.3769364
1759770000000,27.80464257,52.49049295,32.88341049,8.160576423
1759773600000,29.29409172,68.0242406,40.42630235,8.453623108
1759777200000,16.64003955,56.68984164,25.03046063,7.293853867
1759780800000,29.89314212,54.52059494,10.19557706,5.312332073
1759784400000,17.53116074,55.953852,57.34495421,6.216324286
1759788000000,19.90115907,88.60058552,16.95111564,8.260486905
1759791600000,18.85355118,65.99339974,26.78184736,8.291071288
1759795200000,23.5404134,71.44199595,29.63207739,8.194997769
1759798800000,10.05229346,33.77002712,24.28548065,5.65079616
1759802400000,28.11291973,37.73743433,18.8422884,6.402636977
1759806000000,19.1440013,54.85692608,32.9599356,5.209984074
1759809600000,14.98059842,60.159353,28.80349817,7.199670353
1759813200000,16.09582792,96.64599937,23.24707037,6.435690255
1759816800000,15.65731284,70.29743149,37.62799801,8.059648274
1759820400000,16.18775865,31.11400085,31.43036969,5.585165739
1759824000000,26.0850284,81.43387511,35.42650727,7.247302283
1759827600000,14.35375147,77.33281965,48.28771767,7.237051547
1759831200000,16.27784706,52.56596572,42.86980289,6.499937652
1759834800000,22.27225721,68.9576781,22.49771859,5.171606227
1759838400000,27.67495403,57.60731634,33.93202908,6.355657882
1759842000000,17.60240558,99.62470934,31.5563156,6.65383403
1759845600000,22.07762002,45.76880712,19.60711618,5.33881555
1759849200000,26.42908868,48.07283225,37.33976242,8.237139728
1759852800000,24.51763937,68.67485797,12.26376229,6.687433933
1759856400000,22.225455,84.03664039,24.45927003,8.310826349
1759860000000,29.5324345,68.05642664,26.79399484,5.238834544
1759863600000,21.55900248,84.14971931,6.681700392,6.399382411
1759867200000,24.42731681,63.11883251,23.83291638,6.293517969
1759870800000,14.81967446,62.91873601,72.11761532,7.600836122
1759874400000,9.615184173,59.93861989,11.03202574,5.983225921
1759878000000,20.42897335,64.55351101,22.82923163,8.288155637
1759881600000,27.66021362,35.87686522,34.88715385,7.458242352
1759885200000,21.56269599,99.98867554,18.44141364,8.148789799
1759888800000,20.65180218,97.99095707,32.13164004,5.951272175
1759892400000,16.30174057,85.74866282,16.41979112,7.094638236
1759896000000,17.57400606,66.85941317,14.73427356,7.341923854
1759899600000,22.29659593,63.09554184,19.1706539,8.196012434
1759903200000,24.10361822,91.5513576,38.24007276,8.116213709
1759906800000,33.58894054,73.43909029,27.8210287,7.93841127
1759910400000,16.69257701,98.09690737,12.80188234,8.221843258
1759914000000,19.10249276,58.25931527,39.64889643,5.086662635
1759917600000,19.23139347,72.46565233,7.680137225,6.894827156
1759921200000,27.1194032,77.76723714,18.82992137,8.372820985
1759924800000,18.08226163,87.65083023,38.94260554,6.671291892
1759928400000,8.777640285,59.13473976,28.24296703,7.100734431
1759932000000,24.07788979,59.01148779,70.53575059,6.476814252
1759935600000,10.58610746,63.18180106,30.22067994,6.617480749
1759939200000,24.6373528,97.35274603,55.89879037,8.183288161
1759942800000,3.756598465,93.65818415,24.64898386,7.816745128
1759946400000,24.27259719,95.97657185,40.41300409,8.058438694
1759950000000,20.34132018,53.35086244,23.87374177,8.162633198
1759953600000,24.23839909,78.62283769,15.00288942,7.25747568
1759957200000,13.60113309,88.60901122,8.832299023,5.847366009
1759960800000,25.00065343,45.57482729,42.92857119,7.784220212
1759964400000,20.82945843,47.69602468,40.98675526,6.308263992
1759968000000,19.76040359,58.30624101,26.3201362,6.88462306
1759971600000,12.22145034,91.9301969,19.24713627,6.613018114
1759975200000,24.24558509,41.29628877,32.93213767,5.666212692
1759978800000,20.84886665,99.30454836,15.01238141,7.283724067
1759982400000,16.60237202,30.7873441,16.33039624,5.563260748
1759986000000,23.00231603,46.15249767,23.78353209,8.247846192
1759989600000,13.95453924,50.30410928,23.47160196,6.413864736
1759993200000,27.67044517,93.26431053,8.479783697,6.427982244
1759996800000,16.7852452,49.23540452,29.65490286,5.340714164
1760000400000,21.83718075,93.7058142,33.22588833,6.453749864
1760004000000,18.66576227,46.18282443,6.125063168,5.901691228
1760007600000,14.78409796,93.68335559,54.14586088,7.161735288
1760011200000,19.32858298,32.70935763,27.86346092,8.101572161
1760014800000,22.19838778,62.0865404,32.20778651,5.953433812
1760018400000,19.65265284,80.28693114,39.14825516,5.20706179
1760022000000,19.0931677,96.14649834,23.75092296,8.22974669
1760025600000,27.00943377,40.00698035,13.8509522,6.547208609
1760029200000,17.34983558,76.45483262,11.37067987,5.140355679
1760032800000,28.13493502,49.22787249,7.585325446,5.25195038
1760036400000,20.9848411,91.14292679,30.9111724,8.35428478
1760040000000,20.619379,90.24113596,31.23894577,6.379520767
1760043600000,20.56639983,38.95431008,7.72108286,6.272347583
1760047200000,19.30337823,48.65668505,70.85742987,5.251079713
1760050800000,17.48001211,46.5444018,49.02622528,6.304841306
1760054400000,25.71791012,80.64625985,19.37981346,5.757211381
1760058000000,12.58087857,33.52532455,40.88119205,5.809948134
1760061600000,10.90182484,65.93764326,49.56543136,7.31975864
1760065200000,25.12186721,93.72849581,33.12505396,6.01717002
1760068800000,10.86076235,41.76498513,39.015922,8.37731275
1760072400000,33.42083689,78.82499847,23.86605166,5.235325056
1760076000000,22.56864333,59.35168422,15.12513857,7.851634488
1760079600000,28.08110124,63.0214739,16.00616839,6.335489451
1760083200000,24.19217944,48.78134187,25.09557146,6.274904413
1760086800000,15.46077478,54.34618409,16.60123309,8.218840439
1760090400000,16.99885085,75.71255725,43.27360243,8.336597
1760094000000,7.315537837,51.81309616,18.84026599,8.401497557
1760097600000,25.43893389,46.79846794,14.26463892,8.138098014
1760101200000,22.76862652,38.92418519,22.85698521,5.131519788
1760104800000,28.5269066,97.67947668,74.28338704,5.04671232
1760108400000,15.1849101,94.6477174,22.15341905,5.171647267
1760112000000,23.03369623,44.85747433,7.780746015,7.409628325
1760115600000,27.72016729,45.27866675,23.72529175,5.448428715
1760119200000,16.40008158,79.09542167,14.54356257,8.1148477
1760122800000,24.90768776,50.07338819,43.92308146,6.206986061
1760126400000,21.01938344,61.55913542,33.84773178,6.305475283
1760130000000,17.73147167,93.43510441,32.94306437,6.642639152
1760133600000,20.20312072,84.13156839,45.14228819,6.983983311
1760137200000,24.80931721,62.79726058,49.68960004,7.038870916
1760140800000,19.92030444,92.5468731,24.42494392,6.76649435
1760144400000,15.74276694,57.59650988,21.74540386,7.514715261
1760148000000,14.29601612,70.81655943,13.24912075,5.204922004
1760151600000,19.66150876,86.01299581,36.97408691,5.680902648
1760155200000,20.36806291,42.14661171,32.80424609,5.112024961
1760158800000,20.86532,48.70548315,24.73164986,6.272533575
1760162400000,12.6342501,31.5817284,12.40051041,5.31813725
1760166000000,16.731399,45.19982311,13.28456812,7.823820171
1760169600000,16.76914206,49.29779068,24.7801647,5.933421291
1760173200000,26.68611156,70.05103229,3.170811198,5.380795959
1760176800000,10.00017013,39.56748284,17.65800487,6.000729874
1760180400000,17.76112425,84.53998559,32.82307312,8.093174361
1760184000000,21.21294644,89.21505184,41.74197216,8.463727844
1760187600000,14.7503578,37.5411006,21.78893883,6.262338537
1760191200000,21.07327533,33.8379292,34.24476832,6.22861086
1760194800000,15.03000085,90.77068118,22.62024025,7.06797481
1760198400000,23.003154,42.237618,30.21879675,7.531803641
1760202000000,22.98667913,60.37014672,10.27083972,5.558652081
1760205600000,17.69844737,74.6676687,39.54502978,7.215495555
1760209200000,24.46101682,82.59376427,23.39462779,7.160118107
1760212800000,17.48799881,40.07866085,10.64792902,7.821339872
1760216400000,16.11188514,51.55511327,27.09356855,7.266006056
1760220000000,25.57122725,38.17068175,49.48240119,7.43860855
1760223600000,26.14372265,92.99359457,10.51789211,7.484831359
1760227200000,21.37818436,69.40922279,26.96683988,5.775596299
1760230800000,21.84414334,88.30272456,39.21812042,7.934206221
1760234400000,25.31401508,67.91489441,17.99505445,6.39925543
1760238000000,20.99770631,69.87481306,33.57216019,5.336059642
1760241600000,19.68809399,45.315183,44.05658262,8.092943904
1760245200000,21.11463545,59.604742,8.330138316,6.065497161
1760248800000,16.96544297,61.09755564,25.8912424,5.550462326
1760252400000,19.77285561,91.91140299,12.26545839,5.093585284
1760256000000,16.28863525,45.08694841,14.25082873,5.474160673
1760259600000,20.60621089,33.35620714,25.01940853,6.177568018
1760263200000,14.69834823,76.26924192,27.48873757,6.557756157
1760266800000,24.84634144,37.00637108,8.14646381,5.552156768
1760270400000,18.04865097,45.48504625,16.09824836,5.853247649
1760274000000,20.46329615,53.21494988,29.03315293,8.051500502
1760277600000,17.55673356,59.19851556,56.15385855,7.054630701
1760281200000,23.85995159,45.36566219,18.8441149,5.412339167
1760284800000,20.73327245,34.41453122,11.10481136,7.882295831
1760288400000,21.97942162,36.30977994,15.83423627,6.741044909
1760292000000,17.20385708,93.71255879,35.74290116,5.362862394
1760295600000,20.6168574,32.79343005,1.504955874,8.12041672
1760299200000,27.35567332,38.7230639,19.28963705,7.985233381
1760302800000,16.62697342,57.38242873,22.42344539,7.308157429
1760306400000,14.11509903,32.36775556,30.46305491,5.235182402
1760310000000,16.11418496,56.56739484,33.60023693,8.445962264
1760313600000,35.71668595,96.88858041,36.95995862,7.853709608
1760317200000,14.7511103,64.32449072,5.480568108,6.640308625
1760320800000,24.30513269,69.21283478,36.82249945,8.253390232
1760324400000,22.80126837,40.41925614,8.085128237,7.081730298
1760328000000,18.59194966,52.73421518,26.65868418,5.055370964
1760331600000,16.10322215,96.73312452,40.74491623,6.210182277
1760335200000,26.50107569,76.60728534,20.86427648,5.578599803
1760338800000,15.29118299,72.40441943,27.62985984,5.850266179
1760342400000,18.07855815,73.50924656,11.58960305,7.789887997
1760346000000,22.67823507,90.54354978,23.32713606,7.115313073
1760349600000,11.32737351,55.60335044,44.50460294,7.311716244
1760353200000,21.5883687,78.36195153,31.61360942,7.613258474
1760356800000,20.49394439,33.83009117,19.76257371,7.516747044
1760360400000,12.25725048,79.00543552,8.686187023,5.348880625
1760364000000,24.11597029,52.08626309,18.00872623,7.75570187
1760367600000,17.43063561,50.88385406,23.20222001,5.780132328
1760371200000,26.54755871,97.90971836,20.47297235,8.180179359
1760374800000,21.32135598,53.45152368,32.47044495,7.670452642
1760378400000,15.3059941,46.3692828,53.15513274,7.607486834
1760382000000,17.65952209,81.92377802,24.52959374,7.495363451
1760385600000,20.22447306,44.97681011,48.95260938,7.59275316
1760389200000,18.16635309,50.1904036,44.46042014,8.260166308
1760392800000,18.41939356,57.9467571,38.3659515,6.21140427
1760396400000,20.39156524,63.27702252,25.37501231,6.59619131
1760400000000,19.94802094,85.4340333,20.47239857,5.184293462
1760403600000,15.9891462,66.55342205,30.73086952,7.982201717
1760407200000,25.39837519,86.50111823,57.99765839,8.138999335
1760410800000,20.22016125,93.68468969,20.43745669,5.160817526
1760414400000,23.17468765,94.79123729,52.24049381,8.442158382
1760418000000,22.34203962,56.49017781,42.92257077,6.815082517
1760421600000,22.20586782,60.38168815,19.32153495,8.293929468
1760425200000,18.60485505,67.55463405,8.63068422,8.054947527
1760428800000,21.486812,83.05336993,33.26057811,5.174587947
1760432400000,15.25303223,60.68409234,15.30722952,6.074206487
1760436000000,20.67241215,80.70956054,16.59475544,7.917608341
1760439600000,15.48482196,52.51230409,58.76522172,5.72092165
1760443200000,17.89088851,47.41159879,37.03628919,5.274412891
1760446800000,21.87169791,81.5052566,49.39090515,7.258559008
1760450400000,25.64757547,32.56559705,39.27358375,5.778701108
1760454000000,22.01375734,37.78885474,22.26110675,7.848649882
1760457600000,18.28579917,31.08674805,22.40201375,6.665360691
1760461200000,16.81087337,64.27701017,29.63651795,7.404798379
1760464800000,21.07273374,99.31002482,19.67363677,7.774021649
1760468400000,16.04387053,34.84895769,9.310061002,5.66811889
1760472000000,18.02642712,99.68340719,6.952364234,6.198770216
1760475600000,21.36204177,30.387869,11.19567863,5.024298304
1760479200000,16.92487553,66.3289933,21.8109685,7.04261908
1760482800000,15.72825448,52.37032732,48.48878339,5.354402721
1760486400000,19.98288911,91.31773934,25.39902426,6.087981199
1760490000000,22.90364988,64.38023659,45.86595443,6.810625149
1760493600000,20.64548777,44.45187589,37.54452044,5.6690322
1760497200000,15.27824929,54.54484369,-16.89228991,5.670478596
1760500800000,25.93581121,82.00344419,38.50486677,7.467465411
1760504400000,19.27937481,76.00542044,31.4010985,5.60637572
1760508000000,19.9239696,59.9705158,28.11319754,7.454169426
1760511600000,15.47375699,57.36032024,22.41665776,7.246779524
1760515200000,17.88063185,56.85143953,45.71719242,5.01897195
1760518800000,15.71182471,46.02119056,42.9970619,6.086091192
1760522400000,19.20855911,97.81568303,16.49599755,7.991471107
1760526000000,28.46623244,58.26861559,34.67161055,5.777022946
1760529600000,13.31913256,89.68834008,13.43400952,6.30309026
1760533200000,12.1320653,95.89598947,7.149781341,7.246239573
1760536800000,27.2846771,85.22180818,18.74744954,7.573355822
1760540400000,19.02986742,56.03787974,41.68567535,6.519789001
1760544000000,16.77151899,73.08681622,43.08330234,6.167587302
1760547600000,25.16624301,64.35314231,36.30494241,8.223842172
1760551200000,17.08322918,46.40301479,39.57074506,8.54607217
1760554800000,29.02769527,71.46691173,36.35258486,7.772343421
1760558400000,23.38815501,40.78355394,18.52001953,6.862712287
1760562000000,17.6614075,89.08669093,35.0547114,5.953036405
1760565600000,30.65507749,55.36443362,40.7308761,5.930458317
1760569200000,17.082741,68.95249073,40.02047251,7.30778145
1760572800000,23.70336411,70.62867204,46.71538012,7.201790605
1760576400000,21.52825801,59.56288294,39.31208242,8.202696845
1760580000000,26.45241917,76.82098176,33.81508663,7.438021361
1760583600000,27.72844344,55.15449598,44.88595564,5.245709324
1760587200000,20.21530175,82.62954654,27.99285394,7.846749215
1760590800000,16.35720451,37.37642376,14.8170106,5.759823596
1760594400000,22.31753736,67.42627997,25.88950714,6.38497172
1760598000000,16.72906524,104.4191871,16.92692414,7.030563613
1760601600000,29.9481186,44.43087282,18.00095667,8.807463974
1760605200000,20.72877279,51.01464202,26.17522461,9.941780922
1760608800000,18.26358515,75.33546974,16.19496914,7.393506873
1760612400000,20.9652673,68.51210092,23.6575547,6.589362004
1760616000000,13.44082992,72.00308134,-0.76780857,7.319988942
1760619600000,15.28539596,74.83093658,31.68695799,7.679498383
1760623200000,25.95468561,77.80119395,28.4199559,6.449415364
1760626800000,16.8313412,87.49518115,15.81497292,8.603397945
1760630400000,14.91552737,73.21107975,38.5563914,7.010071667
1760634000000,22.69420269,59.92305279,42.84369492,7.282564348
1760637600000,25.88242935,78.57373241,3.638572815,7.453774185
1760641200000,23.58968724,103.622263,16.65239241,7.205036413
1760644800000,24.9508116,62.13999325,16.5535363,7.62990618
1760648400000,16.34061516,44.95747458,13.92314174,6.147488771
1760652000000,13.07397035,87.44172561,41.17859755,6.207501824
1760655600000,27.43284335,62.39006017,25.41569355,5.655891448
1760659200000,18.47304691,20.50424299,24.32680645,7.223273647
1760662800000,18.82596804,82.14226128,-2.466061483,7.568821606
1760666400000,26.58235909,53.92127223,38.18935103,7.241874325
1760670000000,22.79036878,62.99923524,9.311879903,8.480505068
1760673600000,22.29747438,71.62245218,29.3245876,6.770160907
1760677200000,30.69287209,68.73492783,32.67409455,7.456642325
1760680800000,16.89704613,79.3263898,49.36093948,5.664497036
1760684400000,24.61576702,55.95897612,8.240348442,6.381786951
1760688000000,20.33814916,75.31910041,-18.11110675,7.483920982
1760691600000,21.37745405,59.5497862,31.2334008,7.640250784
1760695200000,27.56613297,79.92558026,56.13641826,6.476596878
1760698800000,22.55264978,77.40619222,47.48608698,6.702969061
1760702400000,22.70227493,45.75528733,31.63097544,5.230649473
1760706000000,25.32639156,87.01111842,20.82823466,6.412398975
1760709600000,18.26539686,53.90830702,40.83428409,7.682275243
1760713200000,15.93578381,81.33887115,13.40490425,7.36142124
1760716800000,14.92585164,72.34304381,35.73919055,7.285539612
1760720400000,10.39908848,102.3630433,36.18763711,6.826527733
1760724000000,30.15845555,60.28616878,44.73283502,6.783048056
1760727600000,14.63898715,57.71763883,70.91112448,6.103645233
1760731200000,18.97126594,64.45061725,34.44615302,7.487270905
1760734800000,18.69834944,58.65926405,20.56132318,7.204411696
1760738400000,21.56811563,81.1732312,28.00744069,7.276737022
1760742000000,24.06510261,31.85915244,1.150583563,6.240349811
1760745600000,24.28485314,43.34201308,17.70004221,4.583736515
1760749200000,17.19393932,43.05382318,22.09680983,7.89276838
1760752800000,19.23716907,84.24209318,20.32834155,6.288397147
1760756400000,21.44616335,99.7594197,30.74825761,5.897544724
1760760000000,18.83648929,62.71522039,15.73284968,7.48182506
1760763600000,27.953588,61.40142113,45.66971656,6.37678554
1760767200000,22.46982727,66.27667551,28.40457641,7.854881846
1760770800000,23.66791037,88.56010823,28.25812486,7.403974942
1760774400000,23.31425392,45.9203083,23.35050436,7.471737016
1760778000000,25.82235251,69.71190791,30.79194039,5.385303309
1760781600000,20.94729505,84.75008201,41.11118086,8.009626861
1760785200000,13.68788241,75.07395121,15.04413354,7.041812937
1760788800000,22.0214134,68.71619078,18.26377602,6.39993047
1760792400000,16.85854157,85.27763165,23.72279825,6.921828365
1760796000000,17.46145779,9.675816335,7.669623045,4.967635309
1760799600000,22.93839103,78.68193485,15.78155817,7.191869697
1760803200000,26.14070397,51.49771616,21.06569176,5.727948856
1760806800000,20.16258193,27.48497956,41.87045696,5.398827984
1760810400000,21.57512188,75.28025741,32.44587526,5.226083258
1760814000000,28.41959893,92.88239967,31.38344118,7.908583816
1760817600000,21.2407047,62.04172709,41.50859878,6.135262279
1760821200000,32.837906,84.294483,26.28531502,8.337205397
1760824800000,22.83595158,97.75246655,34.41609806,6.230407309
1760828400000,11.40899267,91.68347252,26.81136135,5.037752954
1760832000000,23.75860718,98.31752461,32.48902211,5.639226439
1760835600000,21.93039371,79.99327819,19.42458626,8.033924314
1760839200000,26.39352989,66.38650779,-9.166094797,6.617152046
1760842800000,23.3648493,32.15192003,26.33295376,6.217696626
1760846400000,19.37797894,59.82498938,50.31736528,6.938757599
1760850000000,14.04417763,47.63686585,42.66878684,7.286676743
1760853600000,19.03134313,109.1544301,43.27234671,7.913379084
1760857200000,15.88022372,61.25724785,47.44271506,8.250442088
1760860800000,17.20648486,67.36148501,29.76706621,6.409610197
1760864400000,22.94926839,76.10240162,31.44083325,5.425930014
1760868000000,28.26088576,65.73685469,18.88709166,6.354946693
1760871600000,21.99677207,99.44180303,23.53260802,7.040825444
1760875200000,14.18375674,52.13910612,37.88671095,5.794743016
1760878800000,22.24204046,68.81876475,46.94599406,5.801470027
1760882400000,25.93610586,49.69363601,26.25335967,7.125836653
1760886000000,17.06275853,37.90619202,21.46668204,6.726329198
1760889600000,19.399783,52.36116508,28.40951945,6.809245318
1760893200000,20.13024348,64.0910623,37.66236127,6.003703077
1760896800000,16.20256839,56.08519036,6.16028149,6.541307838
1760900400000,23.24253268,50.7151146,-6.968930081,5.834980594
1760904000000,19.46397975,36.14497043,19.92093023,7.682087163
1760907600000,22.11889218,63.15082976,9.597561569,7.829750222
1760911200000,15.69861371,34.13663362,20.57400725,4.896422945
1760914800000,17.90923987,80.35918619,26.12498226,5.829607835
1760918400000,23.60652626,66.52949784,21.41955906,5.252378345
1760922000000,18.22668717,35.09931843,50.77516219,6.114127874
1760925600000,28.54116885,58.53621023,33.43455538,6.690917147
1760929200000,18.09502711,49.49595498,33.02988668,5.300106687
1760932800000,21.16177432,71.36109405,37.98585085,5.837396665
1760936400000,24.63910311,92.20464484,10.85882849,5.75382066
1760940000000,13.09089232,26.57595702,44.40784008,6.986857584
1760943600000,11.40876645,67.19456271,27.23431551,6.846450819
1760947200000,12.56386674,61.57875626,38.72945429,6.041122807
1760950800000,26.26007387,78.54855496,11.89052342,6.955862834
1760954400000,17.34729264,69.19815719,4.467323656,6.219332781
1760958000000,32.62430767,49.49977303,41.00013965,6.499310516
1760961600000,17.286434,58.33528333,34.19959018,8.47944599
1760965200000,20.96463362,48.60060917,14.50620607,8.140458315
1760968800000,27.63314195,86.80753588,15.00511734,5.452873082
1760972400000,29.91228774,65.2819146,45.73755747,7.620532274
1760976000000,30.1844724,103.6489737,10.07971424,7.601866211
1760979600000,25.99374848,63.6089121,53.70508194,5.606916025
1760983200000,25.08842421,50.3888555,14.52824638,7.609380222
1760986800000,22.96866416,33.95307178,38.23516084,8.341485316
1760990400000,23.88150607,28.04609759,23.33935559,5.633097656
1760994000000,17.3505957,32.51581559,37.69287165,5.84183212
1760997600000,16.03899157,70.29883246,20.01986762,7.811845625
1761001200000,20.04151734,75.22969176,25.89372873,7.052242209
1761004800000,19.22212366,32.57592597,29.03170479,7.337265183
1761008400000,17.83177676,83.11408462,12.96371502,7.122580385
1761012000000,23.47884072,54.98800907,39.81302741,7.173589431
1761015600000,24.75067914,67.84290431,20.4958572,5.425497929
1761019200000,20.49235948,97.75129037,24.88003912,7.842035926
1761022800000,27.31591705,83.15084185,13.08445263,7.966510141
1761026400000,14.44996461,59.36642945,-11.06874004,6.542335996
1761030000000,19.10681214,46.65832798,25.45879967,6.731597801
1761033600000,16.53696671,20.92986197,65.56525744,5.217177398
1761037200000,10.88941743,50.16952564,40.4874126,7.299373364
1761040800000,19.65195461,60.53793296,28.10470035,7.358216983
1761044400000,19.46005319,44.6992921,24.35182269,6.712546723
1761048000000,27.4923592,62.16809239,28.74745086,7.920458869
1761051600000,23.15672387,66.4154532,36.82919664,6.435764273
1761055200000,15.02715145,60.25779983,10.21217422,7.350631278
1761058800000,29.16564197,51.58084542,45.5663717,5.737830836
1761062400000,26.05597275,68.289086,39.42110358,6.751881413
1761066000000,22.91743432,73.86666788,39.46430264,6.598363601
1761069600000,18.94557315,42.59265093,35.15565665,7.005223059
1761073200000,15.3452002,93.64313342,28.70356131,6.399676182
1761076800000,18.22976402,62.8348412,38.76612528,6.642017494
1761080400000,25.40617089,65.23166632,37.51767764,7.616780662
1761084000000,29.31543127,79.30113543,22.94775208,6.331228037
1761087600000,27.63871023,69.6067417,19.5656387,5.140348713
1761091200000,17.65679985,84.29983202,29.97037874,8.556948816
1761094800000,14.55838363,70.70696819,52.26245641,8.182189561
1761098400000,20.75014507,52.34752586,9.314210821,5.460323419
1761102000000,11.37128416,72.2250006,5.795662446,7.477986042
1761105600000,21.64553584,41.50428029,30.93935887,6.263825158
1761109200000,19.33304962,67.0625884,29.18525973,7.0440899
1761112800000,17.76885995,64.16875664,31.07153766,7.075380336
1761116400000,12.22469992,60.59943403,32.15923605,6.537228591
1761120000000,22.58096503,62.22359463,24.96318455,5.977977668
1761123600000,17.44139587,26.43969262,51.35120781,6.072881107
1761127200000,14.31130629,53.6478542,3.741099923,5.843166633
1761130800000,5.949159773,66.74185988,15.63923829,5.929055704
1761134400000,19.92293625,68.10951906,26.81085291,6.707469637
1761138000000,28.76362827,43.87280403,3.089745365,6.047208018
1761141600000,28.21841895,90.67919885,25.69252971,7.470192435
1761145200000,17.81277562,47.16891572,53.99463375,8.289886784
1761148800000,17.09994752,84.63292374,28.72312175,6.185358627
1761152400000,22.3607745,73.56570613,31.95509806,7.019573494
1761156000000,15.15389128,51.65789615,8.989838672,7.284541342
1761159600000,21.540535,101.0798523,18.90697029,7.256359979
1761163200000,23.82118116,40.48563822,22.62187065,6.853180802
1761166800000,26.08495202,83.606273,23.50731098,7.531914643
1761170400000,19.566123,85.26816632,48.14379736,7.266791187
1761174000000,19.05762062,51.16005358,36.99204664,5.515906956
1761177600000,15.74532608,93.26623282,11.28051481,7.660665878
1761181200000,15.99634703,59.7436781,32.19854054,7.679127229
1761184800000,18.94559873,70.73899989,36.07598276,5.998826033
1761188400000,21.86264126,70.15995085,45.96421549,6.814478736
1761192000000,24.5457421,62.10580774,52.74799798,7.471492357
1761195600000,16.11277147,81.39500648,12.76489996,6.562774474
1761199200000,27.39037756,81.04152613,15.91095694,7.868158369
1761202800000,18.72629799,29.16060385,9.029687314,9.182299763
1761206400000,19.95313413,91.46766003,24.79655043,5.975717315
1761210000000,16.38769014,30.91662173,35.58516011,5.369942691
1761213600000,8.149903091,85.92052762,43.61026423,7.085147584
1761217200000,24.40064148,87.84224771,27.23143902,7.510414394
1761220800000,23.67756817,42.58107164,23.47446313,6.540833792
1761224400000,18.67617481,56.46251663,30.73906329,8.255289267
1761228000000,20.38716042,42.28027417,15.53686536,5.413145749
1761231600000,22.59245506,60.46056547,60.58859162,7.481254681
1761235200000,12.38266041,58.56018696,3.637014506,6.159086295
1761238800000,17.45931612,80.75930217,31.24712627,8.526198856
1761242400000,23.95962668,91.58947314,59.57296892,8.804255073
1761246000000,13.89685694,93.33192044,28.50613143,5.995394853
1761249600000,21.50008866,53.37348924,25.47403,6.216403919
1761253200000,13.39438318,60.5768814,22.89530598,7.650925393
1761256800000,22.34925912,30.48912388,25.6226376,6.381755447
1761260400000,19.88301743,48.39969551,49.54871208,6.729628699
1761264000000,12.1243512,84.53892722,-5.670081564,6.801703326
1761267600000,25.77944747,97.8199105,52.0223631,4.821614298
1761271200000,16.44968176,39.65473303,6.466784628,6.761770759
1761274800000,16.07802557,52.75516363,24.29388064,6.073709031
1761278400000,21.04331565,64.30803464,21.78931593,6.273854524
1761282000000,25.70035229,70.56485794,37.46744737,8.245487211
1761285600000,15.06824147,48.32349825,3.783917225,5.496723125
1761289200000,20.36107273,73.50175724,35.52068356,7.603707414
1761292800000,22.1644967,55.17621782,59.58380414,6.491871094
1761296400000,23.46271989,64.5519972,7.403086794,6.491059499
1761300000000,20.92479746,75.99625012,31.32361608,7.580462932
1761303600000,18.25520364,64.97803245,18.20422904,7.122032776
1761307200000,15.99286007,55.94061753,34.96174319,7.356746527
1761310800000,20.48124331,62.60989634,28.69633869,7.761477821
1761314400000,14.79160394,63.04353006,18.51993767,6.438582983
1761318000000,5.708031672,57.29528352,35.91655987,6.152595561
1761321600000,22.20253284,59.56510574,56.19552221,5.671165347
1761325200000,24.49834107,97.47426528,25.46070931,5.935582846
1761328800000,8.451055266,76.29494465,39.48852103,9.778060606
1761332400000,15.09816183,58.81640492,8.479840858,8.042951973
1761336000000,23.09946105,79.07132606,13.66846355,5.400452644
1761339600000,30.16478404,58.03392836,35.67832187,5.429584389
1761343200000,20.16023457,88.78963831,51.26267484,7.266401401
1761346800000,16.48204601,72.39110529,33.87924636,7.332977863
1761350400000,19.15968152,62.65699412,23.57904832,7.334626057
1761354000000,26.81166863,73.98455777,28.39047161,6.516310561
1761357600000,16.88503131,32.78643895,9.140135749,6.64814421
1761361200000,16.13235587,41.85039666,37.71332651,7.109641812
1761364800000,17.68679284,40.47975677,41.99282432,6.863297503
1761368400000,15.37521642,67.76433011,21.43739803,4.516591274
1761372000000,20.660666,100.2064171,21.1608687,6.541919746
1761375600000,28.03872942,110.3862844,32.49696872,5.909118797
1761379200000,21.6451014,77.8691495,21.67416634,6.954224398
1761382800000,18.81849921,75.0688551,27.38268156,9.814876449
1761386400000,18.62467742,28.08858862,60.74545135,7.149957124
1761390000000,12.37949232,53.77135322,24.59620876,6.456681846
1761393600000,24.3960456,48.76882495,22.88152359,7.714259375
1761397200000,19.67574647,52.17587889,18.42666819,7.267238026
1761400800000,19.17155182,61.41525671,39.86490224,7.203517422
1761404400000,35.74306144,55.21190902,25.60981392,7.393636704
1761408000000,21.52560707,24.45078845,18.39845993,8.86943633
1761411600000,16.36519566,80.11130051,48.75472271,5.624603771
1761415200000,17.963768,42.95299899,50.26891775,7.258019135
1761418800000,25.69941092,69.72982487,19.15247644,5.832793927
1761422400000,20.61449241,107.1775821,-0.350750294,7.341374243
1761426000000,12.99308073,46.08294086,43.92110373,5.840627113
1761429600000,24.57346769,13.20550207,17.85536521,6.350974778
1761433200000,16.77608066,59.00980563,40.58016474,6.475453689
1761436800000,29.25998052,87.31679944,-1.946045632,7.769247321
1761440400000,25.36343262,104.8155047,42.15093498,7.710852042
1761444000000,17.86078858,39.75268303,9.744523152,5.507706945
1761447600000,26.35061557,74.98425332,39.65805992,6.831781087
1761451200000,20.3914084,55.3502867,28.62124878,6.053499447
1761454800000,24.24703063,62.68462405,13.70692662,5.494689127
1761458400000,22.43916508,118.8162167,22.13140909,6.55493252
1761462000000,15.90067686,34.17235086,38.97341999,6.46181963
1761465600000,16.8968909,70.02561306,30.03258242,9.246275474
1761469200000,25.1173974,74.39225943,37.40367045,7.216614441
1761472800000,18.41363224,87.00712245,58.8464306,5.37343151
1761476400000,18.07531827,66.84672813,4.30584615,6.200913019
1761480000000,15.3664042,71.13406133,53.31289088,7.815634478
1761483600000,22.13886797,56.85367602,30.00888317,8.901909992
1761487200000,30.18948937,70.33965703,14.55653865,5.161313363
1761490800000,14.81422971,57.84263615,7.90926729,4.862078881
1761494400000,20.17706231,77.53281995,25.48818078,8.68051597
1761498000000,26.99510799,57.30346141,42.59846322,7.172488207
1761501600000,19.66688403,72.54332214,26.43662316,5.891928404
1761505200000,22.28020344,64.24972404,51.67918144,7.320114603
1761508800000,14.83947505,87.82888193,6.047510922,4.092644356
1761512400000,22.16199445,63.79804714,28.21516892,6.779293995
1761516000000,19.13881564,28.66056533,9.109547912,7.109582409
1761519600000,24.90012973,90.60192221,34.00276367,7.716772469
1761523200000,25.89069105,46.36157488,42.06297908,5.743703102
1761526800000,32.77837355,51.50402967,21.91998211,6.863087951
1761530400000,22.90532822,52.68991432,-11.71386161,5.833767656
1761534000000,21.65844788,92.89830972,31.46597931,7.03584051
1761537600000,21.01293462,21.25929268,35.12889706,5.864387622
1761541200000,18.3232934,128.8862827,34.62913359,6.360407618
1761544800000,21.7207707,86.40036315,47.43734632,5.762109262
1761548400000,18.60704217,69.40311345,11.90290134,7.438719866
1761552000000,20.8855958,63.72660886,38.87941952,7.649768151
1761555600000,26.53030715,70.67492371,46.77074418,6.537011989
1761559200000,15.1138224,75.48271441,1.004065884,6.814784301
1761562800000,25.65732795,78.01537179,33.32529592,5.301179469
1761566400000,26.5279372,76.18646946,20.63501264,6.470784355
1761570000000,19.47812484,66.67523936,27.14561346,6.724748979
1761573600000,9.635260133,60.81941464,33.75698708,9.443847089
1761577200000,17.07239082,61.75957291,20.89612955,5.643865925
